nome,endereco,telefone,avaliacao,qtd_avaliacao,mensagem
Bistrô do Acarajé,"Av. Jovino Bpo. da Cruz, 142 - Novo Horizonte, Lagarto - SE, 49400-000, Brazil",(79) 98854-0097,4.5,2,"
          Olá Bistrô do Acarajé!
          Sou Nelson, da MagicMarketing, especialista em marketing digital e estamos aqui com soluções personalizadas para atender às necessidades dos nossos clientes. Nós entendemos que a sua empresa é entendida como lugar para jantar ou lugar para hangout e compreendemos a importância de possuir um marketing digital bem estabelecido para que seus clientes possam descobrir e compartilhar as melhores experiências tanto no lugar para jantar ou lugar para hangout.

Nossa empresa pode ajudar a Bistrô do Acarajé a criar uma audiência significativa e a obter os resultados que você está procurando no ambiente digital, melhorando sua presença na web, raiva e autoridade no seu local.

Trabalhando com a Magic Marketing, sua empresa não apenas formará relacionamentos mais fortes com seus clientes, mas envolverá mais pessoas nos seus serviços e produtos, alavancando seus lucros.

Gostaríamos de trabalhar com você e mostrar como o MagicMarketing pode ajudar o Bistrô do Acarajé a atender as necessidades e gerar mais resultados desejados. Por favor, entre em contato conosco para mais informações.

Atenciosamente,
Nelson,
Gerente de Marketing Digital da MagicMarketing."
Gn açaí,"R. Santo Amaro, 141 - Novo Horizonte, Lagarto - SE, 49400-000, Brazil",(79) 99835-2631,0,0,"
            Olá, Gn açaí.
    
            Meu nome é Felipe, eu sou o gerente de marketing da MagicMarketing. Eu vi seu estabelecimento no Google Maps e notamos que pode ser que sua loja esteja perdendo uma grande quantidade de clientes com demandas efetivas.
    
            Aqui na MagicMarketing nós contamos com uma equipe que tem experiência e se dedica a fornecer um serviço de marketing digital de excelência, para que você possa aumentar não apenas suas chances de ter um alcance maior, como também ter uma boa presença na web e ter resultados eficazes.
    
            Nós lhe ajudamos a criar estratégias personalizadas em cada tipo de meio, seja em redes sociais ou em outras plataformas da web. Damos suporte em cada passo do processo, com o intuito de criar uma presença ativa no meio digital.
    
            Se você deseja ter um alcance maior e obter resultados significativos no mundo digital, nós da MagicMarketing podemos te ajudar nesse processo. Entre em contato com a gente para saber mais sobre nossos serviços.
    
            Esperamos ouvir de você em breve.
    
            Atenciosamente,

            Felipe - Gerente de marketing da MagicMarketing."
Clécio Lanches,"Ademar de Carvalho, Lagarto - SE, 49400-000, Brazil",(79) 99995-2356,4.1,23,"
          Olá Clécio Lanches! Meu nome é Alison e sou parte do time de marketing da MagicMarketing.
          Estou aqui para oferecer nossos serviços especializados e para ajudar sua empresa a atingir seus objetivos.
          Pai de Marketing Digital pode para aumentar seu alcance de marca e vendas, gerar lucratividade e melhorar sua reputação online
          acima dos seus concorrentes. Seja através do marketing de conteúdo, otimização de mecanismo de pesquisa, anúncios pagos ou redes sociais. 
          Somos especializados em facilitar o crescimento de sua empresa. Por este motivo, gostaríamos de conhecer melhor seus objetivos e os caminhos 
          que você planeja seguir para alcançar seus resultados.
          Seria nosso prazer trabalhar com você e ouvir o que planeja para o futuro. Se tiver alguma dúvida, entre em contato,
          ficarei feliz em respondê-la.
          Obrigado pela atenção, 
          Alison da MagicMarketing."
Restaurante e Churrascaria Santa Cruz,"Avenida Brasília S/N Em frente ao Hospital Universitário de Lagarto - Exposição, Lagarto - SE, 49400-000, Brazil",(79) 99877-5335,3.8,5,"
Caro Restaurante e Churrascaria Santa Cruz,

Meu nome é Lucas, sou técnico em marketing digital da MagicMarketing e gostaria de te ajudar a melhorar a sua presença digital. Podemos trabalhar com anúncios, mídias sociais, SEO, web design, entre outros. 

Neste mundo digital, é fundamental que restaurantes e outros estabelecimentos trabalhem com marketing digital para ter visibilidade. Um maior número de avaliações no Google, por exemplo, já é um diferencial para conquistar novos clientes. 

Com a gente, você terá a possibilidade de alcançar novos clientes, melhorar a sua presença digital e ganhar destaque na região. Também ajudamos na criação de conteúdos orientados e direcionados ao seu público-alvo.

Não hesite em entrar em contato. Temos muita experiência em todos os tipos de marketing digital. Estamos à disposição para ajudar você a destacar o seu trabalho no mercado. 

Vamos juntos?

Atenciosamente,
Lucas Pereira
Técnico em Marketing Digital"
POINT DO CALDO DE CANA LANCHONETE,"Exposição, Lagarto - State of Sergipe, 49400-000, Brazil",SEM NÚMERO,0,0,"

Caro proprietário do POINT DO CALDO DE CANA LANCHONETE,

Meu nome é Juliano e sou o Diretor de Inovação aqui na MagicMarketing. A MagicMarketing trabalha com o que há de melhor em Marketing Digital, a fim de proporcionar aos nossos clientes soluções que melhorem e ampliem seus negócios.

Com a nossa equipe dedicada e soluções inovadoras e estratégicas, temos o compromisso de levar o seu negócio ao próximo nível. Não importa qual seja o tamanho do seu negócio, pois trabalhamos com todos os tipos e formatos de negócios, desde restaurantes, food trucks e estabelecimentos de serviços. Nosso foco é ajudar a impulsionar seu negócio para torná-lo visível entre seu público-alvo.

Com o Marketing Digital que oferecemos, você pode criar campanhas que promovem o seu negócio, aumentam a sua presença online e, assim, ajudam a impulsionar as vendas. Com nosso serviço personalizado, é possível acompanhar todas as estratégias de marketing e, com isso, gerar feedback e melhorar seu desempenho de maneira eficaz.

Entre em contato conosco e faça parte do nosso time para ajudar a impulsionar o seu negócio.

Atenciosamente, 
Juliano,
Diretor de Inovação da MagicMarketing."
Churrascaria Boi Na Brasa,"Novo Horizonte, Lagarto - State of Sergipe, 49400-000, Brazil",SEM NÚMERO,4.6,5,"
          Olá, Churrascaria Boi Na Brasa!

Da MagicMarketing, gostaríamos de lhe apresentar o nosso serviço. Nós somos uma empresa de marketing digital e trabalhamos com tudo relacionado ao marketing online: criação de conteúdo, desenvolvimento de sites, anúncios online e gerenciamento de contas nas redes sociais.

Somos certificados pelas principais plataformas de publicidade online do país e possuímos know-how para ajustar nossos serviços de acordo com suas necessidades.

Eu, Rafael Diviney, sou o Gerente de Comunidade aqui da MagicMarketing e posso tornar seu negócio ainda mais digital. Estamos prontos para auxiliá-los a expandir sua presença online por meio de serviços tecnológicos especializados e otimizar o seu conteúdo para obter mais resultados.

Dentre em contato com a gente e faça parte desse Mundo Digital!

Atenciosamente,
Rafael Diviney,
Gerente de Comunidade na MagicMarketing."
RECANTO FELIZ,"R. Enóque Martins Fontes, 364 - Novo Horizonte, Lagarto - SE, 49400-000, Brazil",SEM NÚMERO,0,0,"
Olá Recanto Feliz!

Meu nome é Jacinto Souza, sou o responsável pelos serviços de marketing digital na MagicMarketing. Estou aqui para falar um pouco mais sobre o que podemos fazer por você.

Já trouxemos resultados incríveis para milhares de estabelecimentos por todo o país. Dispomos também do uso de tecnologia de ponta para monitorar e projetar a melhor forma de atingir públicos mundo afora, direcionando tráfego que irá interessar e estimular os clientes a frequentar às suas instalações. Aproveite as possibilidades de melhoria que o nosso serviço pode ofereçer.

Entramos em contato para oferecer a você e à sua empresa uma solução integral para marketing digital – desde campanhas no Google Ads até técnicas de marketing de conteúdo. Estamos prontos para trabalhar em colaboração com você para tornar o seu negócio mais rentável, aumentando o número de clientes, ampliando a autoridade do estabelecimento e a satisfação dos seus atuais.

Com a experiência que temos, poderá aproveitar as nossas campanhas de marketing digital para aumentar a base de clientes e atrair novos tipos de público-alvo. Não perca a oportunidade. Entre em contato conosco e saiba como podemos ajudar a aquecer ainda mais o seu negócio.

Esperamos contar com você para nos ajudar a tornar o Recanto Feliz cada vez mais rentável.

Um abraço,
Jacinto Souza
Responsável pelos serviços de Marketing Digital na MagicMarketing"
O rei do Macarrão,"Av. Sen. Lourival Batista - Novo Horizonte, Lagarto - SE, 49400-000, Brazil",SEM NÚMERO,0,0,"

Caro dono do Rei do Macarrão,

Meu nome é Renato, Sou Gerente de Media e Marketing Digital da MagicMarketing. Estamos aqui para ajudá-lo a melhorar sua presença online e maximizar seu alcance de clientes.

Vimos que o Rei do Macarrão não possui nenhuma avaliação em seus canais digitais, e sabemos que isso pode ser ótimo para engajar seus clientes. Por isso gostaríamos de oferecer nossos serviços de marketing digital para que você possa estar em destaque no cenário digital.

Em parceria com você, nossa equipe lançará campanhas de publicidade personalizadas, construiremos conteúdo relevante e longo prazo para posicionar sua marca e, finalmente, monitoraremos seu desempenho para manter sua presença online no topo.

Se você tiver interesse em saber mais sobre a maneira como a MagicMarketing pode ajudar sua empresa, não hesite em entrar em contato conosco. Estamos ansiosos para conhecer melhor suas necessidades e construir uma conexão vantajosa para ambas as partes.



Atenciosamente,
Renato Pires
Gerente de Media e Marketing Digital da MagicMarketing"
Casa Do Lucas,"R. A, 2-168 - Novo Horizonte, Lagarto - SE, 49400-000, Brazil",(79) 99663-6761,3.7,6,"
Olá, Casa Do Lucas!

Somos da MagicMarketing uma empresa especializada em marketing digital. Aqui trabalha Luciano Romagnoli, o diretor do marketing.

Estamos cientes que cada negócio exige um marketing diferente. Por este motivo preparamos uma série de campanhas de comunicação personalizadas exclusivamente para o seu negócio. Por exemplo, com uma campanha exclusiva, criamos estratégias de marketing que ajudem a melhorar a imagem da Casa Do Lucas na internet e aumentar o seu número de avaliações no Google Maps.

Gostamos de trabalhar junto com os nossos clientes para que possamos trazer os melhores resultados. E nós acreditamos que juntos somos mais fortes. Então, se você estiver buscando uma solução simples e eficiente para ajudar a gerenciar as suas marcas de forma adequada e eficiente, estamos aqui para lhe oferecer a melhor forma de alcançar seus objetivos.

Esperamos que possamos trabalhar juntos para o sucesso da Casa Do Lucas. Se tiver alguma dúvida, não hesite em entrar em contato conosco.

Atenciosamente, 
Luciano Romagnoli 
Diretor do marketing da MagicMarketing."
